CREATE TABLE tbl_employee (
    eid NUMBER(5),
    ename VARCHAR2(20),
    esalary NUMBER(5)
);
DROP TABLE tbl_employee;
CREATE TABLE tbl_employee (
    eid NUMBER(5),
    ename VARCHAR2(20),
    esalary NUMBER(5)
);


INSERT INTO tbl_employee (eid, ename, esalary)
VALUES (1, 'Jeeva', 5000);

INSERT INTO tbl_employee (eid, ename, esalary)
VALUES (2, 'Rakshanaa', 7870);

INSERT INTO tbl_employee (eid, ename, esalary)
VALUES (3, 'Dhiya', 8700);
SELECT * FROM tbl_employee;
SELECT * FROM tbl_employee
WHERE esalary BETWEEN 5000 AND 8000;
SELECT * FROM tbl_employee
WHERE esalary not BETWEEN 5000 AND 8000;
SELECT * FROM tbl_employee;
SELECT * FROM tbl_employee
WHERE esalary >= 5000 AND  eid in (1 , 2 );
SELECT * FROM tbl_employee
WHERE esalary >= 5000 or  eid in (1 , 2 );  
SELECT * FROM tbl_employee;
select * From tbl_employee where ename like 'J%';
select * From tbl_employee where ename like '_R%';
select * From tbl_employee where ename like '_D%';
select * From tbl_employee where ename not  like 'J%';
select * From tbl_employee where ename  not like '_R%';
select * From tbl_employee where ename like '_D%';
select * From tbl_employee where ename like '%J%';
select * From tbl_employee where ename like '%R%';
insert into tbl_employee (eid , esalary) values (7,6988);
SELECT * FROM tbl_employee;
select * From tbl_employee where ename is null;
select * From tbl_employee where ename is not  null;
SELECT * FROM tbl_employee;
select * from tbl_employee order by eid;
select * from tbl_employee order by eid desc;
select * from tbl_employee order by eid,ename;
select * from tbl_employee order by eid,ename desc;
alter table tbl_employee add doj date;
SELECT * FROM tbl_employee;
update tbl_employee set doj=sysdate where eid=1;
SELECT * FROM tbl_employee;
update tbl_employee set doj='05-Aug-24' where eid=2;
SELECT * FROM tbl_employee;
alter table tbl_employee drop column doj;
SELECT * FROM tbl_employee;

alter table tbl_employee add doj date;
select * from tbl_employee;
alter table tbl_employee modify esalary number(7);
desc tbl_employee;
alter table tbl_employee rename column esalary to emp_salar;
select * from tbl_employee;
rename tbl_employee to tbl_emp;
drop table tbl_emp1;
flashback table tbl_emp on before drop;

output:
Table created.

Table dropped.

Table created.

1 row(s) inserted.

1 row(s) inserted.

1 row(s) inserted.


EID	ENAME	ESALARY
1	Jeeva	5000
2	Rakshanaa	7870
3	Dhiya	8700

3 rows selected.


EID	ENAME	ESALARY
1	Jeeva	5000
2	Rakshanaa	7870

2 rows selected.


EID	ENAME	ESALARY
3	Dhiya	8700


EID	ENAME	ESALARY
1	Jeeva	5000
2	Rakshanaa	7870
3	Dhiya	8700

3 rows selected.


EID	ENAME	ESALARY
1	Jeeva	5000
2	Rakshanaa	7870

2 rows selected.

EID	ENAME	ESALARY
1	Jeeva	5000
2	Rakshanaa	7870
3	Dhiya	8700

3 rows selected.

EID	ENAME	ESALARY
1	Jeeva	5000
2	Rakshanaa	7870
3	Dhiya	8700

3 rows selected.


EID	ENAME	ESALARY
1	Jeeva	5000


no data found

no data found


EID	ENAME	ESALARY
2	Rakshanaa	7870
3	Dhiya	8700
Download CSV
2 rows selected.


EID	ENAME	ESALARY
1	Jeeva	5000
2	Rakshanaa	7870
3	Dhiya	8700

3 rows selected.

no data found


EID	ENAME	ESALARY
1	Jeeva	5000


EID	ENAME	ESALARY
2	Rakshanaa	7870


1 row(s) inserted.


EID	ENAME	ESALARY
1	Jeeva	5000
2	Rakshanaa	7870
3	Dhiya	8700
7	 - 	6988

4 rows selected.


EID	ENAME	ESALARY
7	 - 	6988



EID	ENAME	ESALARY
1	Jeeva	5000
2	Rakshanaa	7870
3	Dhiya	8700

3 rows selected.


EID	ENAME	ESALARY
1	Jeeva	5000
2	Rakshanaa	7870
3	Dhiya	8700
7	 - 	6988

4 rows selected.

EID	ENAME	ESALARY
1	Jeeva	5000
2	Rakshanaa	7870
3	Dhiya	8700
7	 - 	6988

4 rows selected.


EID	ENAME	ESALARY
7	 - 	6988
3	Dhiya	8700
2	Rakshanaa	7870
1	Jeeva	5000

4 rows selected.


EID	ENAME	ESALARY
1	Jeeva	5000
2	Rakshanaa	7870
3	Dhiya	8700
7	 - 	6988

4 rows selected.


EID	ENAME	ESALARY
1	Jeeva	5000
2	Rakshanaa	7870
3	Dhiya	8700
7	 - 	6988
4 rows selected.

Table altered.


EID	ENAME	ESALARY	DOJ
1	Jeeva	5000	 - 
2	Rakshanaa	7870	 - 
3	Dhiya	8700	 - 
7	 - 	6988	 - 

4 rows selected.

1 row(s) updated.


EID	ENAME	ESALARY	DOJ
1	Jeeva	5000	07-AUG-24
2	Rakshanaa	7870	 - 
3	Dhiya	8700	 - 
7	 - 	6988	 - 

4 rows selected.

1 row(s) updated.


EID	ENAME	ESALARY	DOJ
1	Jeeva	5000	07-AUG-24
2	Rakshanaa	7870	05-AUG-24
3	Dhiya	8700	 - 
7	 - 	6988	 - 

4 rows selected.

Table altered.

EID	ENAME	ESALARY
1	Jeeva	5000
2	Rakshanaa	7870
3	Dhiya	8700
7	 - 	6988

4 rows selected.

Table altered.

EID	ENAME	ESALARY	DOJ
1	Jeeva	5000	 - 
2	Rakshanaa	7870	 - 
3	Dhiya	8700	 - 
7	 - 	6988	 - 

4 rows selected.

Table altered.

TABLE TBL_EMPLOYEEResult Set 596
Column	Null?	Type
EID	 - 	NUMBER(5,0)
ENAME	 - 	VARCHAR2(20)
ESALARY	 - 	NUMBER(7,0)
DOJ	 - 	DATE

4 rows selected.

Table altered.


EID	ENAME	EMP_SALAR	DOJ
1	Jeeva	5000	 - 
2	Rakshanaa	7870	 - 
3	Dhiya	8700	 - 
7	 - 	6988	 - 

4 rows selected.
